UserComments,PercentageSimilarity,MediaItems,IsRecentlyVerified,DateLastVerified,ID,UUID,ParentChargePointID,DataProviderID,DataProvidersReference,OperatorID,OperatorsReference,UsageTypeID,UsageCost,Connections,NumberOfPoints,GeneralComments,DatePlanned,DateLastConfirmed,StatusTypeID,DateLastStatusUpdate,MetadataValues,DataQualityLevel,DateCreated,SubmissionStatusTypeID,DataProvider.WebsiteURL,DataProvider.Comments,DataProvider.DataProviderStatusType.IsProviderEnabled,DataProvider.DataProviderStatusType.ID,DataProvider.DataProviderStatusType.Title,DataProvider.IsRestrictedEdit,DataProvider.IsOpenDataLicensed,DataProvider.IsApprovedImport,DataProvider.License,DataProvider.DateLastImported,DataProvider.ID,DataProvider.Title,OperatorInfo.WebsiteURL,OperatorInfo.Comments,OperatorInfo.PhonePrimaryContact,OperatorInfo.PhoneSecondaryContact,OperatorInfo.IsPrivateIndividual,OperatorInfo.AddressInfo,OperatorInfo.BookingURL,OperatorInfo.ContactEmail,OperatorInfo.FaultReportEmail,OperatorInfo.IsRestrictedEdit,OperatorInfo.ID,OperatorInfo.Title,UsageType.IsPayAtLocation,UsageType.IsMembershipRequired,UsageType.IsAccessKeyRequired,UsageType.ID,UsageType.Title,StatusType.IsOperational,StatusType.IsUserSelectable,StatusType.ID,StatusType.Title,SubmissionStatus.IsLive,SubmissionStatus.ID,SubmissionStatus.Title,AddressInfo.ID,AddressInfo.Title,AddressInfo.AddressLine1,AddressInfo.AddressLine2,AddressInfo.Town,AddressInfo.StateOrProvince,AddressInfo.Postcode,AddressInfo.CountryID,AddressInfo.Country.ISOCode,AddressInfo.Country.ContinentCode,AddressInfo.Country.ID,AddressInfo.Country.Title,AddressInfo.Latitude,AddressInfo.Longitude,AddressInfo.ContactTelephone1,AddressInfo.ContactTelephone2,AddressInfo.ContactEmail,AddressInfo.AccessComments,AddressInfo.RelatedURL,AddressInfo.Distance,AddressInfo.DistanceUnit
,,,True,2025-05-13T15:19:00Z,312495,F67DB1BD-8D67-4F4B-A172-71CCC2427840,,1,,1,,4,,"[{'ID': 602135, 'ConnectionTypeID': 25, 'ConnectionType': {'FormalName': 'IEC 62196-2 Type 2', 'IsDiscontinued': False, 'IsObsolete': False, 'ID': 25, 'Title': 'Type 2 (Socket Only)'}, 'Reference': None, 'StatusTypeID': 50, 'StatusType': {'IsOperational': True, 'IsUserSelectable': True, 'ID': 50, 'Title': 'Operational'}, 'LevelID': 2, 'Level': {'Comments': 'Over 2 kW, usually non-domestic socket type', 'IsFastChargeCapable': False, 'ID': 2, 'Title': 'Level 2 : Medium (Over 2kW)'}, 'Amps': 16, 'Voltage': 380, 'PowerKW': 11, 'CurrentTypeID': 20, 'CurrentType': {'Description': 'Alternating Current - Three Phase', 'ID': 20, 'Title': 'AC (Three-Phase)'}, 'Quantity': 1, 'Comments': None}]",1,Socket,,,50,2025-05-13T15:19:00Z,,1,2025-05-10T15:15:00Z,200,http://openchargemap.org,,True,1,Manual Data Entry,False,True,True,Licensed under Creative Commons Attribution 4.0 International (CC BY 4.0),,1,Open Charge Map Contributors,,,,,,,,,,,1,(Unknown Operator),False,True,True,4,Public - Membership Required,True,True,50,Operational,True,200,Submission Published,312884,Africa Jade Thalasso Hôtel Korba,Av Habib Bourguiba,,Nabeul,korba,2080,228,TN,AF,228,Tunisia,36.559696119539936,10.857744315970422,,,,,,,0
,,,False,2024-11-01T21:59:00Z,305758,CA4CDBAA-D1D4-4A7E-ABA7-50C261D1F389,,1,,1,,1,0,"[{'ID': 578636, 'ConnectionTypeID': 1036, 'ConnectionType': {'FormalName': 'IEC 62196-2', 'IsDiscontinued': False, 'IsObsolete': False, 'ID': 1036, 'Title': 'Type 2 (Tethered Connector) '}, 'Reference': None, 'StatusTypeID': 50, 'StatusType': {'IsOperational': True, 'IsUserSelectable': True, 'ID': 50, 'Title': 'Operational'}, 'LevelID': 2, 'Level': {'Comments': 'Over 2 kW, usually non-domestic socket type', 'IsFastChargeCapable': False, 'ID': 2, 'Title': 'Level 2 : Medium (Over 2kW)'}, 'Amps': None, 'Voltage': None, 'PowerKW': 22, 'CurrentTypeID': 20, 'CurrentType': {'Description': 'Alternating Current - Three Phase', 'ID': 20, 'Title': 'AC (Three-Phase)'}, 'Quantity': 1, 'Comments': None}]",1,,,,50,2024-11-01T21:59:00Z,,1,2024-10-29T21:56:00Z,200,http://openchargemap.org,,True,1,Manual Data Entry,False,True,True,Licensed under Creative Commons Attribution 4.0 International (CC BY 4.0),,1,Open Charge Map Contributors,,,,,,,,,,,1,(Unknown Operator),,,,1,Public,True,True,50,Operational,True,200,Submission Published,306147,Station Agil,Autoroute Marsa GP9,,,,,228,TN,AF,228,Tunisia,36.83451992305517,10.222202845933111,,,,,,,0
,,,False,2024-02-09T08:14:00Z,290071,3F932A87-433B-435A-B383-85F6E26D4917,,1,,1,,4,,"[{'ID': 512357, 'ConnectionTypeID': 1036, 'ConnectionType': {'FormalName': 'IEC 62196-2', 'IsDiscontinued': False, 'IsObsolete': False, 'ID': 1036, 'Title': 'Type 2 (Tethered Connector) '}, 'Reference': None, 'StatusTypeID': 50, 'StatusType': {'IsOperational': True, 'IsUserSelectable': True, 'ID': 50, 'Title': 'Operational'}, 'LevelID': 2, 'Level': {'Comments': 'Over 2 kW, usually non-domestic socket type', 'IsFastChargeCapable': False, 'ID': 2, 'Title': 'Level 2 : Medium (Over 2kW)'}, 'Amps': 32, 'Voltage': 380, 'PowerKW': 22, 'CurrentTypeID': 20, 'CurrentType': {'Description': 'Alternating Current - Three Phase', 'ID': 20, 'Title': 'AC (Three-Phase)'}, 'Quantity': 1, 'Comments': None}]",1,,,,50,2024-02-09T08:14:00Z,,1,2024-01-19T23:51:00Z,200,http://openchargemap.org,,True,1,Manual Data Entry,False,True,True,Licensed under Creative Commons Attribution 4.0 International (CC BY 4.0),,1,Open Charge Map Contributors,,,,,,,,,,,1,(Unknown Operator),False,True,True,4,Public - Membership Required,True,True,50,Operational,True,200,Submission Published,290458,Magic Life Manar 2,8050 Route Touristique,,Mrezga,,,228,TN,AF,228,Tunisia,36.42479567842595,10.678364889433482,,,,,,,0
,,,False,2024-02-09T08:14:00Z,290070,F4930109-B64B-49EF-BAA3-58D70467AC0C,,1,,1,,4,,"[{'ID': 512356, 'ConnectionTypeID': 1036, 'ConnectionType': {'FormalName': 'IEC 62196-2', 'IsDiscontinued': False, 'IsObsolete': False, 'ID': 1036, 'Title': 'Type 2 (Tethered Connector) '}, 'Reference': None, 'StatusTypeID': 50, 'StatusType': {'IsOperational': True, 'IsUserSelectable': True, 'ID': 50, 'Title': 'Operational'}, 'LevelID': 2, 'Level': {'Comments': 'Over 2 kW, usually non-domestic socket type', 'IsFastChargeCapable': False, 'ID': 2, 'Title': 'Level 2 : Medium (Over 2kW)'}, 'Amps': 32, 'Voltage': 380, 'PowerKW': 22, 'CurrentTypeID': 20, 'CurrentType': {'Description': 'Alternating Current - Three Phase', 'ID': 20, 'Title': 'AC (Three-Phase)'}, 'Quantity': 1, 'Comments': None}]",1,,,,50,2024-02-09T08:14:00Z,,1,2024-01-19T23:49:00Z,200,http://openchargemap.org,,True,1,Manual Data Entry,False,True,True,Licensed under Creative Commons Attribution 4.0 International (CC BY 4.0),,1,Open Charge Map Contributors,,,,,,,,,,,1,(Unknown Operator),False,True,True,4,Public - Membership Required,True,True,50,Operational,True,200,Submission Published,290457,Magic Life Manar,8050 Route Touristique,,Mrezga,,,228,TN,AF,228,Tunisia,36.42473905753083,10.677037952439548,,,,,,,0
,,,False,2023-08-24T08:47:00Z,273304,BAC47E38-5D4B-4317-8F8C-6541DDF27C27,,1,,1,,4,0,"[{'ID': 471319, 'ConnectionTypeID': 33, 'ConnectionType': {'FormalName': 'IEC 62196-3 Configuration FF', 'IsDiscontinued': False, 'IsObsolete': False, 'ID': 33, 'Title': 'CCS (Type 2)'}, 'Reference': 'Shell BYD', 'StatusTypeID': 50, 'StatusType': {'IsOperational': True, 'IsUserSelectable': True, 'ID': 50, 'Title': 'Operational'}, 'LevelID': 3, 'Level': {'Comments': '40KW and Higher', 'IsFastChargeCapable': True, 'ID': 3, 'Title': 'Level 3:  High (Over 40kW)'}, 'Amps': None, 'Voltage': None, 'PowerKW': 50, 'CurrentTypeID': 30, 'CurrentType': {'Description': 'Direct Current', 'ID': 30, 'Title': 'DC'}, 'Quantity': 1, 'Comments': None}, {'ID': 471320, 'ConnectionTypeID': 2, 'ConnectionType': {'FormalName': 'IEC 62196-3 Configuration AA', 'IsDiscontinued': None, 'IsObsolete': None, 'ID': 2, 'Title': 'CHAdeMO'}, 'Reference': 'Shell BYD', 'StatusTypeID': 50, 'StatusType': {'IsOperational': True, 'IsUserSelectable': True, 'ID': 50, 'Title': 'Operational'}, 'LevelID': 3, 'Level': {'Comments': '40KW and Higher', 'IsFastChargeCapable': True, 'ID': 3, 'Title': 'Level 3:  High (Over 40kW)'}, 'Amps': None, 'Voltage': None, 'PowerKW': 50, 'CurrentTypeID': 30, 'CurrentType': {'Description': 'Direct Current', 'ID': 30, 'Title': 'DC'}, 'Quantity': 1, 'Comments': None}]",1,,,,50,2023-08-24T08:47:00Z,,1,2023-08-02T19:36:00Z,200,http://openchargemap.org,,True,1,Manual Data Entry,False,True,True,Licensed under Creative Commons Attribution 4.0 International (CC BY 4.0),,1,Open Charge Map Contributors,,,,,,,,,,,1,(Unknown Operator),False,True,True,4,Public - Membership Required,True,True,50,Operational,True,200,Submission Published,273688,Shell Sahloul,الطريق الحزامية,,,ولاية سوسة,4054,228,TN,AF,228,Tunisia,35.837725851955994,10.579024438278765,,,,,,,0
,,"[{'ID': 33699, 'ChargePointID': 203506, 'ItemURL': 'https://media.openchargemap.io/images/TN/OCM203506/OCM-203506.orig.2022091810150666.jpg', 'ItemThumbnailURL': 'https://media.openchargemap.io/images/TN/OCM203506/OCM-203506.thmb.2022091810150666.jpg', 'Comment': '', 'IsEnabled': True, 'IsVideo': False, 'IsFeaturedItem': False, 'IsExternalResource': False, 'MetadataValue': None, 'User': {'ID': 19956, 'IdentityProvider': None, 'Identifier': None, 'CurrentSessionToken': None, 'Username': 'khalilamar', 'Profile': None, 'Location': None, 'WebsiteURL': None, 'ReputationPoints': 176, 'Permissions': None, 'PermissionsRequested': None, 'DateCreated': None, 'DateLastLogin': None, 'IsProfilePublic': None, 'IsEmergencyChargingProvider': None, 'IsPublicChargingProvider': None, 'Latitude': None, 'Longitude': None, 'EmailAddress': None, 'EmailHash': None, 'ProfileImageURL': 'https://www.gravatar.com/avatar/d37c05af8193936889b3fcf53a83e959?s=80&d=robohash', 'IsCurrentSessionTokenValid': None, 'APIKey': None, 'SyncedSettings': None}, 'DateCreated': '2022-09-18T10:15:00Z'}]",False,2024-10-30T07:55:00Z,203506,E9A8AF42-8B21-4D33-8804-ED3F72BDD366,,1,,1,,4,,"[{'ID': 340005, 'ConnectionTypeID': 33, 'ConnectionType': {'FormalName': 'IEC 62196-3 Configuration FF', 'IsDiscontinued': False, 'IsObsolete': False, 'ID': 33, 'Title': 'CCS (Type 2)'}, 'Reference': None, 'StatusTypeID': 50, 'StatusType': {'IsOperational': True, 'IsUserSelectable': True, 'ID': 50, 'Title': 'Operational'}, 'LevelID': 3, 'Level': {'Comments': '40KW and Higher', 'IsFastChargeCapable': True, 'ID': 3, 'Title': 'Level 3:  High (Over 40kW)'}, 'Amps': None, 'Voltage': None, 'PowerKW': 50, 'CurrentTypeID': 30, 'CurrentType': {'Description': 'Direct Current', 'ID': 30, 'Title': 'DC'}, 'Quantity': 1, 'Comments': None}]",1,,,,50,2024-10-30T07:55:00Z,,1,2022-09-18T10:15:00Z,200,http://openchargemap.org,,True,1,Manual Data Entry,False,True,True,Licensed under Creative Commons Attribution 4.0 International (CC BY 4.0),,1,Open Charge Map Contributors,,,,,,,,,,,1,(Unknown Operator),False,True,True,4,Public - Membership Required,True,True,50,Operational,True,200,Submission Published,203873,Audi Ennakl La Goulette ,شارع جودة الحياة,,حلق الوادي,Tunis,1053,228,TN,AF,228,Tunisia,36.81835117530487,10.289099465199797,,,,,,,0
,,"[{'ID': 33697, 'ChargePointID': 203502, 'ItemURL': 'https://media.openchargemap.io/images/TN/OCM203502/OCM-203502.orig.2022091810113325.jpg', 'ItemThumbnailURL': 'https://media.openchargemap.io/images/TN/OCM203502/OCM-203502.thmb.2022091810113325.jpg', 'Comment': '', 'IsEnabled': True, 'IsVideo': False, 'IsFeaturedItem': False, 'IsExternalResource': False, 'MetadataValue': None, 'User': {'ID': 19956, 'IdentityProvider': None, 'Identifier': None, 'CurrentSessionToken': None, 'Username': 'khalilamar', 'Profile': None, 'Location': None, 'WebsiteURL': None, 'ReputationPoints': 176, 'Permissions': None, 'PermissionsRequested': None, 'DateCreated': None, 'DateLastLogin': None, 'IsProfilePublic': None, 'IsEmergencyChargingProvider': None, 'IsPublicChargingProvider': None, 'Latitude': None, 'Longitude': None, 'EmailAddress': None, 'EmailHash': None, 'ProfileImageURL': 'https://www.gravatar.com/avatar/d37c05af8193936889b3fcf53a83e959?s=80&d=robohash', 'IsCurrentSessionTokenValid': None, 'APIKey': None, 'SyncedSettings': None}, 'DateCreated': '2022-09-18T10:12:00Z'}, {'ID': 33698, 'ChargePointID': 203502, 'ItemURL': 'https://media.openchargemap.io/images/TN/OCM203502/OCM-203502.orig.2022091810114658.jpg', 'ItemThumbnailURL': 'https://media.openchargemap.io/images/TN/OCM203502/OCM-203502.thmb.2022091810114658.jpg', 'Comment': '', 'IsEnabled': True, 'IsVideo': False, 'IsFeaturedItem': False, 'IsExternalResource': False, 'MetadataValue': None, 'User': {'ID': 19956, 'IdentityProvider': None, 'Identifier': None, 'CurrentSessionToken': None, 'Username': 'khalilamar', 'Profile': None, 'Location': None, 'WebsiteURL': None, 'ReputationPoints': 176, 'Permissions': None, 'PermissionsRequested': None, 'DateCreated': None, 'DateLastLogin': None, 'IsProfilePublic': None, 'IsEmergencyChargingProvider': None, 'IsPublicChargingProvider': None, 'Latitude': None, 'Longitude': None, 'EmailAddress': None, 'EmailHash': None, 'ProfileImageURL': 'https://www.gravatar.com/avatar/d37c05af8193936889b3fcf53a83e959?s=80&d=robohash', 'IsCurrentSessionTokenValid': None, 'APIKey': None, 'SyncedSettings': None}, 'DateCreated': '2022-09-18T10:12:00Z'}, {'ID': 33696, 'ChargePointID': 203502, 'ItemURL': 'https://media.openchargemap.io/images/TN/OCM203502/OCM-203502.orig.2022091810111934.jpg', 'ItemThumbnailURL': 'https://media.openchargemap.io/images/TN/OCM203502/OCM-203502.thmb.2022091810111934.jpg', 'Comment': '', 'IsEnabled': True, 'IsVideo': False, 'IsFeaturedItem': False, 'IsExternalResource': False, 'MetadataValue': None, 'User': {'ID': 19956, 'IdentityProvider': None, 'Identifier': None, 'CurrentSessionToken': None, 'Username': 'khalilamar', 'Profile': None, 'Location': None, 'WebsiteURL': None, 'ReputationPoints': 176, 'Permissions': None, 'PermissionsRequested': None, 'DateCreated': None, 'DateLastLogin': None, 'IsProfilePublic': None, 'IsEmergencyChargingProvider': None, 'IsPublicChargingProvider': None, 'Latitude': None, 'Longitude': None, 'EmailAddress': None, 'EmailHash': None, 'ProfileImageURL': 'https://www.gravatar.com/avatar/d37c05af8193936889b3fcf53a83e959?s=80&d=robohash', 'IsCurrentSessionTokenValid': None, 'APIKey': None, 'SyncedSettings': None}, 'DateCreated': '2022-09-18T10:11:00Z'}]",False,2022-09-18T10:12:00Z,203502,27AE8248-0CBF-4850-AB6E-ADFF39F98F02,,1,,1,,4,,"[{'ID': 340001, 'ConnectionTypeID': 0, 'ConnectionType': {'FormalName': 'Not Specified', 'IsDiscontinued': None, 'IsObsolete': None, 'ID': 0, 'Title': 'Unknown'}, 'Reference': None, 'StatusTypeID': 50, 'StatusType': {'IsOperational': True, 'IsUserSelectable': True, 'ID': 50, 'Title': 'Operational'}, 'LevelID': 3, 'Level': {'Comments': '40KW and Higher', 'IsFastChargeCapable': True, 'ID': 3, 'Title': 'Level 3:  High (Over 40kW)'}, 'Amps': None, 'Voltage': None, 'PowerKW': 50, 'CurrentTypeID': 30, 'CurrentType': {'Description': 'Direct Current', 'ID': 30, 'Title': 'DC'}, 'Quantity': 1, 'Comments': None}]",1,,,,50,2022-09-18T10:12:00Z,,1,2022-09-18T10:10:00Z,200,http://openchargemap.org,,True,1,Manual Data Entry,False,True,True,Licensed under Creative Commons Attribution 4.0 International (CC BY 4.0),,1,Open Charge Map Contributors,,,,,,,,,,,1,(Unknown Operator),False,True,True,4,Public - Membership Required,True,True,50,Operational,True,200,Submission Published,203869,Aire de Service Shell Grombalia,Aire de Service Grombalia,,Essabala,Nabeul,,228,TN,AF,228,Tunisia,36.58038602530614,10.494660660603245,,,,,,,0
,,,False,2022-02-07T13:42:00Z,191372,3D800E59-F7FD-42C9-AC21-2B746A921E74,,1,,1,,6,,"[{'ID': 310666, 'ConnectionTypeID': 1036, 'ConnectionType': {'FormalName': 'IEC 62196-2', 'IsDiscontinued': False, 'IsObsolete': False, 'ID': 1036, 'Title': 'Type 2 (Tethered Connector) '}, 'Reference': None, 'StatusTypeID': 50, 'StatusType': {'IsOperational': True, 'IsUserSelectable': True, 'ID': 50, 'Title': 'Operational'}, 'LevelID': 2, 'Level': {'Comments': 'Over 2 kW, usually non-domestic socket type', 'IsFastChargeCapable': False, 'ID': 2, 'Title': 'Level 2 : Medium (Over 2kW)'}, 'Amps': None, 'Voltage': None, 'PowerKW': 11, 'CurrentTypeID': 20, 'CurrentType': {'Description': 'Alternating Current - Three Phase', 'ID': 20, 'Title': 'AC (Three-Phase)'}, 'Quantity': 2, 'Comments': None}]",2,,,,50,2022-02-07T13:42:00Z,,1,2022-02-07T13:42:00Z,200,http://openchargemap.org,,True,1,Manual Data Entry,False,True,True,Licensed under Creative Commons Attribution 4.0 International (CC BY 4.0),,1,Open Charge Map Contributors,,,,,,,,,,,1,(Unknown Operator),False,False,False,6,"Private - For Staff, Visitors or Customers",True,True,50,Operational,True,200,Submission Published,191731,La Cigale Tabarka Hotel,Zone touristique El Morjene,,Tabarka,Jendouba,8110,228,TN,AF,228,Tunisia,36.954322589774534,8.79228058463707,+21670019000,,,,,,0
,,,False,2021-09-07T06:19:00Z,189070,16954FAB-D516-4E9E-BC29-A3FF2A0CD986,,1,,3447,,4,,"[{'ID': 305637, 'ConnectionTypeID': 1036, 'ConnectionType': {'FormalName': 'IEC 62196-2', 'IsDiscontinued': False, 'IsObsolete': False, 'ID': 1036, 'Title': 'Type 2 (Tethered Connector) '}, 'Reference': None, 'StatusTypeID': 50, 'StatusType': {'IsOperational': True, 'IsUserSelectable': True, 'ID': 50, 'Title': 'Operational'}, 'LevelID': 2, 'Level': {'Comments': 'Over 2 kW, usually non-domestic socket type', 'IsFastChargeCapable': False, 'ID': 2, 'Title': 'Level 2 : Medium (Over 2kW)'}, 'Amps': None, 'Voltage': None, 'PowerKW': 22, 'CurrentTypeID': None, 'CurrentType': None, 'Quantity': 1, 'Comments': None}, {'ID': 305638, 'ConnectionTypeID': 1036, 'ConnectionType': {'FormalName': 'IEC 62196-2', 'IsDiscontinued': False, 'IsObsolete': False, 'ID': 1036, 'Title': 'Type 2 (Tethered Connector) '}, 'Reference': None, 'StatusTypeID': 50, 'StatusType': {'IsOperational': True, 'IsUserSelectable': True, 'ID': 50, 'Title': 'Operational'}, 'LevelID': 2, 'Level': {'Comments': 'Over 2 kW, usually non-domestic socket type', 'IsFastChargeCapable': False, 'ID': 2, 'Title': 'Level 2 : Medium (Over 2kW)'}, 'Amps': None, 'Voltage': None, 'PowerKW': 22, 'CurrentTypeID': None, 'CurrentType': None, 'Quantity': 1, 'Comments': None}]",1,,,,50,2021-09-07T06:19:00Z,,1,2021-09-06T15:42:00Z,200,http://openchargemap.org,,True,1,Manual Data Entry,False,True,True,Licensed under Creative Commons Attribution 4.0 International (CC BY 4.0),,1,Open Charge Map Contributors,https://apps.total-ev-charge.com/,,,,False,,,,,False,3447,TotalEnergies (FR),False,True,True,4,Public - Membership Required,True,True,50,Operational,True,200,Submission Published,189429,mall of sousse,"Mall of Sousse ,4060, Kalâa Kebira, Tunisie",,sousse,sousse,4060,228,TN,AF,228,Tunisia,35.9032998695984,10.544724586897246,,,,,,,0
"[{'ID': 29129, 'ChargePointID': 189069, 'CommentTypeID': 10, 'CommentType': {'ID': 10, 'Title': 'General Comment'}, 'UserName': 'R.Ahmed', 'Comment': 'test65', 'Rating': 2, 'RelatedURL': 'string', 'DateCreated': '2023-10-19T21:35:47.557Z', 'User': {'ID': 45863, 'IdentityProvider': None, 'Identifier': None, 'CurrentSessionToken': None, 'Username': 'R.Ahmed', 'Profile': None, 'Location': None, 'WebsiteURL': None, 'ReputationPoints': 75, 'Permissions': None, 'PermissionsRequested': None, 'DateCreated': None, 'DateLastLogin': None, 'IsProfilePublic': None, 'IsEmergencyChargingProvider': None, 'IsPublicChargingProvider': None, 'Latitude': None, 'Longitude': None, 'EmailAddress': None, 'EmailHash': None, 'ProfileImageURL': 'https://www.gravatar.com/avatar/e493c4ee49cf1d2df3b90aaf7d1f6a8c?s=80&d=robohash', 'IsCurrentSessionTokenValid': None, 'APIKey': None, 'SyncedSettings': None}, 'CheckinStatusTypeID': 10, 'CheckinStatusType': {'IsPositive': True, 'IsAutomatedCheckin': False, 'ID': 10, 'Title': 'Charged Successfully'}, 'IsActionedByEditor': False}, {'ID': 29125, 'ChargePointID': 189069, 'CommentTypeID': 10, 'CommentType': {'ID': 10, 'Title': 'General Comment'}, 'UserName': 'R.Ahmed', 'Comment': 'Test64', 'Rating': 5, 'RelatedURL': 'string', 'DateCreated': '2023-10-18T19:27:35.69Z', 'User': {'ID': 45863, 'IdentityProvider': None, 'Identifier': None, 'CurrentSessionToken': None, 'Username': 'R.Ahmed', 'Profile': None, 'Location': None, 'WebsiteURL': None, 'ReputationPoints': 75, 'Permissions': None, 'PermissionsRequested': None, 'DateCreated': None, 'DateLastLogin': None, 'IsProfilePublic': None, 'IsEmergencyChargingProvider': None, 'IsPublicChargingProvider': None, 'Latitude': None, 'Longitude': None, 'EmailAddress': None, 'EmailHash': None, 'ProfileImageURL': 'https://www.gravatar.com/avatar/e493c4ee49cf1d2df3b90aaf7d1f6a8c?s=80&d=robohash', 'IsCurrentSessionTokenValid': None, 'APIKey': None, 'SyncedSettings': None}, 'CheckinStatusTypeID': 10, 'CheckinStatusType': {'IsPositive': True, 'IsAutomatedCheckin': False, 'ID': 10, 'Title': 'Charged Successfully'}, 'IsActionedByEditor': False}, {'ID': 29124, 'ChargePointID': 189069, 'CommentTypeID': 10, 'CommentType': {'ID': 10, 'Title': 'General Comment'}, 'UserName': 'R.Ahmed', 'Comment': 'test63', 'Rating': 4, 'RelatedURL': 'string', 'DateCreated': '2023-10-18T19:07:42.567Z', 'User': {'ID': 45863, 'IdentityProvider': None, 'Identifier': None, 'CurrentSessionToken': None, 'Username': 'R.Ahmed', 'Profile': None, 'Location': None, 'WebsiteURL': None, 'ReputationPoints': 75, 'Permissions': None, 'PermissionsRequested': None, 'DateCreated': None, 'DateLastLogin': None, 'IsProfilePublic': None, 'IsEmergencyChargingProvider': None, 'IsPublicChargingProvider': None, 'Latitude': None, 'Longitude': None, 'EmailAddress': None, 'EmailHash': None, 'ProfileImageURL': 'https://www.gravatar.com/avatar/e493c4ee49cf1d2df3b90aaf7d1f6a8c?s=80&d=robohash', 'IsCurrentSessionTokenValid': None, 'APIKey': None, 'SyncedSettings': None}, 'CheckinStatusTypeID': 10, 'CheckinStatusType': {'IsPositive': True, 'IsAutomatedCheckin': False, 'ID': 10, 'Title': 'Charged Successfully'}, 'IsActionedByEditor': False}, {'ID': 29123, 'ChargePointID': 189069, 'CommentTypeID': 10, 'CommentType': {'ID': 10, 'Title': 'General Comment'}, 'UserName': 'R.Ahmed', 'Comment': 'test62', 'Rating': 2, 'RelatedURL': 'string', 'DateCreated': '2023-10-18T18:18:23.61Z', 'User': {'ID': 45863, 'IdentityProvider': None, 'Identifier': None, 'CurrentSessionToken': None, 'Username': 'R.Ahmed', 'Profile': None, 'Location': None, 'WebsiteURL': None, 'ReputationPoints': 75, 'Permissions': None, 'PermissionsRequested': None, 'DateCreated': None, 'DateLastLogin': None, 'IsProfilePublic': None, 'IsEmergencyChargingProvider': None, 'IsPublicChargingProvider': None, 'Latitude': None, 'Longitude': None, 'EmailAddress': None, 'EmailHash': None, 'ProfileImageURL': 'https://www.gravatar.com/avatar/e493c4ee49cf1d2df3b90aaf7d1f6a8c?s=80&d=robohash', 'IsCurrentSessionTokenValid': None, 'APIKey': None, 'SyncedSettings': None}, 'CheckinStatusTypeID': 22, 'CheckinStatusType': {'IsPositive': False, 'IsAutomatedCheckin': False, 'ID': 22, 'Title': 'Failed to Charge (Equipment Not Fully Installed)'}, 'IsActionedByEditor': False}, {'ID': 29122, 'ChargePointID': 189069, 'CommentTypeID': 10, 'CommentType': {'ID': 10, 'Title': 'General Comment'}, 'UserName': 'R.Ahmed', 'Comment': 'Test61', 'Rating': 2, 'RelatedURL': 'string', 'DateCreated': '2023-10-18T18:15:38.59Z', 'User': {'ID': 45863, 'IdentityProvider': None, 'Identifier': None, 'CurrentSessionToken': None, 'Username': 'R.Ahmed', 'Profile': None, 'Location': None, 'WebsiteURL': None, 'ReputationPoints': 75, 'Permissions': None, 'PermissionsRequested': None, 'DateCreated': None, 'DateLastLogin': None, 'IsProfilePublic': None, 'IsEmergencyChargingProvider': None, 'IsPublicChargingProvider': None, 'Latitude': None, 'Longitude': None, 'EmailAddress': None, 'EmailHash': None, 'ProfileImageURL': 'https://www.gravatar.com/avatar/e493c4ee49cf1d2df3b90aaf7d1f6a8c?s=80&d=robohash', 'IsCurrentSessionTokenValid': None, 'APIKey': None, 'SyncedSettings': None}, 'CheckinStatusTypeID': 22, 'CheckinStatusType': {'IsPositive': False, 'IsAutomatedCheckin': False, 'ID': 22, 'Title': 'Failed to Charge (Equipment Not Fully Installed)'}, 'IsActionedByEditor': False}, {'ID': 29113, 'ChargePointID': 189069, 'CommentTypeID': 10, 'CommentType': {'ID': 10, 'Title': 'General Comment'}, 'UserName': 'R.Ahmed', 'Comment': 'Test51', 'Rating': 5, 'RelatedURL': 'string', 'DateCreated': '2023-10-15T13:30:01.643Z', 'User': {'ID': 45863, 'IdentityProvider': None, 'Identifier': None, 'CurrentSessionToken': None, 'Username': 'R.Ahmed', 'Profile': None, 'Location': None, 'WebsiteURL': None, 'ReputationPoints': 75, 'Permissions': None, 'PermissionsRequested': None, 'DateCreated': None, 'DateLastLogin': None, 'IsProfilePublic': None, 'IsEmergencyChargingProvider': None, 'IsPublicChargingProvider': None, 'Latitude': None, 'Longitude': None, 'EmailAddress': None, 'EmailHash': None, 'ProfileImageURL': 'https://www.gravatar.com/avatar/e493c4ee49cf1d2df3b90aaf7d1f6a8c?s=80&d=robohash', 'IsCurrentSessionTokenValid': None, 'APIKey': None, 'SyncedSettings': None}, 'CheckinStatusTypeID': 10, 'CheckinStatusType': {'IsPositive': True, 'IsAutomatedCheckin': False, 'ID': 10, 'Title': 'Charged Successfully'}, 'IsActionedByEditor': False}, {'ID': 29105, 'ChargePointID': 189069, 'CommentTypeID': 10, 'CommentType': {'ID': 10, 'Title': 'General Comment'}, 'UserName': 'R.Ahmed', 'Comment': 'test43\n', 'Rating': 2, 'RelatedURL': 'string', 'DateCreated': '2023-10-12T18:47:42.91Z', 'User': {'ID': 45863, 'IdentityProvider': None, 'Identifier': None, 'CurrentSessionToken': None, 'Username': 'R.Ahmed', 'Profile': None, 'Location': None, 'WebsiteURL': None, 'ReputationPoints': 75, 'Permissions': None, 'PermissionsRequested': None, 'DateCreated': None, 'DateLastLogin': None, 'IsProfilePublic': None, 'IsEmergencyChargingProvider': None, 'IsPublicChargingProvider': None, 'Latitude': None, 'Longitude': None, 'EmailAddress': None, 'EmailHash': None, 'ProfileImageURL': 'https://www.gravatar.com/avatar/e493c4ee49cf1d2df3b90aaf7d1f6a8c?s=80&d=robohash', 'IsCurrentSessionTokenValid': None, 'APIKey': None, 'SyncedSettings': None}, 'CheckinStatusTypeID': 10, 'CheckinStatusType': {'IsPositive': True, 'IsAutomatedCheckin': False, 'ID': 10, 'Title': 'Charged Successfully'}, 'IsActionedByEditor': False}, {'ID': 29104, 'ChargePointID': 189069, 'CommentTypeID': 10, 'CommentType': {'ID': 10, 'Title': 'General Comment'}, 'UserName': 'R.Ahmed', 'Comment': 'test41', 'Rating': 5, 'RelatedURL': 'string', 'DateCreated': '2023-10-12T18:21:32.347Z', 'User': {'ID': 45863, 'IdentityProvider': None, 'Identifier': None, 'CurrentSessionToken': None, 'Username': 'R.Ahmed', 'Profile': None, 'Location': None, 'WebsiteURL': None, 'ReputationPoints': 75, 'Permissions': None, 'PermissionsRequested': None, 'DateCreated': None, 'DateLastLogin': None, 'IsProfilePublic': None, 'IsEmergencyChargingProvider': None, 'IsPublicChargingProvider': None, 'Latitude': None, 'Longitude': None, 'EmailAddress': None, 'EmailHash': None, 'ProfileImageURL': 'https://www.gravatar.com/avatar/e493c4ee49cf1d2df3b90aaf7d1f6a8c?s=80&d=robohash', 'IsCurrentSessionTokenValid': None, 'APIKey': None, 'SyncedSettings': None}, 'CheckinStatusTypeID': 10, 'CheckinStatusType': {'IsPositive': True, 'IsAutomatedCheckin': False, 'ID': 10, 'Title': 'Charged Successfully'}, 'IsActionedByEditor': False}, {'ID': 29103, 'ChargePointID': 189069, 'CommentTypeID': 10, 'CommentType': {'ID': 10, 'Title': 'General Comment'}, 'UserName': 'R.Ahmed', 'Comment': 'test40', 'Rating': 5, 'RelatedURL': 'string', 'DateCreated': '2023-10-12T18:17:25.383Z', 'User': {'ID': 45863, 'IdentityProvider': None, 'Identifier': None, 'CurrentSessionToken': None, 'Username': 'R.Ahmed', 'Profile': None, 'Location': None, 'WebsiteURL': None, 'ReputationPoints': 75, 'Permissions': None, 'PermissionsRequested': None, 'DateCreated': None, 'DateLastLogin': None, 'IsProfilePublic': None, 'IsEmergencyChargingProvider': None, 'IsPublicChargingProvider': None, 'Latitude': None, 'Longitude': None, 'EmailAddress': None, 'EmailHash': None, 'ProfileImageURL': 'https://www.gravatar.com/avatar/e493c4ee49cf1d2df3b90aaf7d1f6a8c?s=80&d=robohash', 'IsCurrentSessionTokenValid': None, 'APIKey': None, 'SyncedSettings': None}, 'CheckinStatusTypeID': 10, 'CheckinStatusType': {'IsPositive': True, 'IsAutomatedCheckin': False, 'ID': 10, 'Title': 'Charged Successfully'}, 'IsActionedByEditor': False}]",,"[{'ID': 39953, 'ChargePointID': 189069, 'ItemURL': 'https://media.openchargemap.io/images/TN/OCM189069/OCM-189069.orig.2023101921361960.jpg', 'ItemThumbnailURL': 'https://media.openchargemap.io/images/TN/OCM189069/OCM-189069.thmb.2023101921361960.jpg', 'Comment': 'test65', 'IsEnabled': True, 'IsVideo': False, 'IsFeaturedItem': False, 'IsExternalResource': False, 'MetadataValue': None, 'User': {'ID': 45863, 'IdentityProvider': None, 'Identifier': None, 'CurrentSessionToken': None, 'Username': 'R.Ahmed', 'Profile': None, 'Location': None, 'WebsiteURL': None, 'ReputationPoints': 75, 'Permissions': None, 'PermissionsRequested': None, 'DateCreated': None, 'DateLastLogin': None, 'IsProfilePublic': None, 'IsEmergencyChargingProvider': None, 'IsPublicChargingProvider': None, 'Latitude': None, 'Longitude': None, 'EmailAddress': None, 'EmailHash': None, 'ProfileImageURL': 'https://www.gravatar.com/avatar/e493c4ee49cf1d2df3b90aaf7d1f6a8c?s=80&d=robohash', 'IsCurrentSessionTokenValid': None, 'APIKey': None, 'SyncedSettings': None}, 'DateCreated': '2023-10-19T21:36:00Z'}, {'ID': 39944, 'ChargePointID': 189069, 'ItemURL': 'https://media.openchargemap.io/images/TN/OCM189069/OCM-189069.orig.2023101918002228.jpg', 'ItemThumbnailURL': 'https://media.openchargemap.io/images/TN/OCM189069/OCM-189069.thmb.2023101918002228.jpg', 'Comment': 'TEST70', 'IsEnabled': True, 'IsVideo': False, 'IsFeaturedItem': False, 'IsExternalResource': False, 'MetadataValue': None, 'User': {'ID': 45863, 'IdentityProvider': None, 'Identifier': None, 'CurrentSessionToken': None, 'Username': 'R.Ahmed', 'Profile': None, 'Location': None, 'WebsiteURL': None, 'ReputationPoints': 75, 'Permissions': None, 'PermissionsRequested': None, 'DateCreated': None, 'DateLastLogin': None, 'IsProfilePublic': None, 'IsEmergencyChargingProvider': None, 'IsPublicChargingProvider': None, 'Latitude': None, 'Longitude': None, 'EmailAddress': None, 'EmailHash': None, 'ProfileImageURL': 'https://www.gravatar.com/avatar/e493c4ee49cf1d2df3b90aaf7d1f6a8c?s=80&d=robohash', 'IsCurrentSessionTokenValid': None, 'APIKey': None, 'SyncedSettings': None}, 'DateCreated': '2023-10-19T18:00:00Z'}, {'ID': 39931, 'ChargePointID': 189069, 'ItemURL': 'https://media.openchargemap.io/images/TN/OCM189069/OCM-189069.orig.2023101820063027.jpg', 'ItemThumbnailURL': 'https://media.openchargemap.io/images/TN/OCM189069/OCM-189069.thmb.2023101820063027.jpg', 'Comment': 'photo64', 'IsEnabled': True, 'IsVideo': False, 'IsFeaturedItem': False, 'IsExternalResource': False, 'MetadataValue': None, 'User': {'ID': 45863, 'IdentityProvider': None, 'Identifier': None, 'CurrentSessionToken': None, 'Username': 'R.Ahmed', 'Profile': None, 'Location': None, 'WebsiteURL': None, 'ReputationPoints': 75, 'Permissions': None, 'PermissionsRequested': None, 'DateCreated': None, 'DateLastLogin': None, 'IsProfilePublic': None, 'IsEmergencyChargingProvider': None, 'IsPublicChargingProvider': None, 'Latitude': None, 'Longitude': None, 'EmailAddress': None, 'EmailHash': None, 'ProfileImageURL': 'https://www.gravatar.com/avatar/e493c4ee49cf1d2df3b90aaf7d1f6a8c?s=80&d=robohash', 'IsCurrentSessionTokenValid': None, 'APIKey': None, 'SyncedSettings': None}, 'DateCreated': '2023-10-18T20:07:00Z'}, {'ID': 39901, 'ChargePointID': 189069, 'ItemURL': 'https://media.openchargemap.io/images/TN/OCM189069/OCM-189069.orig.2023101513452348.jpg', 'ItemThumbnailURL': 'https://media.openchargemap.io/images/TN/OCM189069/OCM-189069.thmb.2023101513452348.jpg', 'Comment': 'photos2', 'IsEnabled': True, 'IsVideo': False, 'IsFeaturedItem': False, 'IsExternalResource': False, 'MetadataValue': None, 'User': {'ID': 45863, 'IdentityProvider': None, 'Identifier': None, 'CurrentSessionToken': None, 'Username': 'R.Ahmed', 'Profile': None, 'Location': None, 'WebsiteURL': None, 'ReputationPoints': 75, 'Permissions': None, 'PermissionsRequested': None, 'DateCreated': None, 'DateLastLogin': None, 'IsProfilePublic': None, 'IsEmergencyChargingProvider': None, 'IsPublicChargingProvider': None, 'Latitude': None, 'Longitude': None, 'EmailAddress': None, 'EmailHash': None, 'ProfileImageURL': 'https://www.gravatar.com/avatar/e493c4ee49cf1d2df3b90aaf7d1f6a8c?s=80&d=robohash', 'IsCurrentSessionTokenValid': None, 'APIKey': None, 'SyncedSettings': None}, 'DateCreated': '2023-10-15T13:45:00Z'}]",False,2023-10-19T21:36:00Z,189069,615DCB00-20EF-40CF-993D-2F0213113C5D,,1,,3447,,1,,"[{'ID': 305636, 'ConnectionTypeID': 1036, 'ConnectionType': {'FormalName': 'IEC 62196-2', 'IsDiscontinued': False, 'IsObsolete': False, 'ID': 1036, 'Title': 'Type 2 (Tethered Connector) '}, 'Reference': None, 'StatusTypeID': 50, 'StatusType': {'IsOperational': True, 'IsUserSelectable': True, 'ID': 50, 'Title': 'Operational'}, 'LevelID': 2, 'Level': {'Comments': 'Over 2 kW, usually non-domestic socket type', 'IsFastChargeCapable': False, 'ID': 2, 'Title': 'Level 2 : Medium (Over 2kW)'}, 'Amps': 32, 'Voltage': 400, 'PowerKW': 22, 'CurrentTypeID': 20, 'CurrentType': {'Description': 'Alternating Current - Three Phase', 'ID': 20, 'Title': 'AC (Three-Phase)'}, 'Quantity': 2, 'Comments': None}]",1,,,,50,2023-10-19T21:36:00Z,,1,2021-09-06T15:34:00Z,200,http://openchargemap.org,,True,1,Manual Data Entry,False,True,True,Licensed under Creative Commons Attribution 4.0 International (CC BY 4.0),,1,Open Charge Map Contributors,https://apps.total-ev-charge.com/,,,,False,,,,,False,3447,TotalEnergies (FR),,,,1,Public,True,True,50,Operational,True,200,Submission Published,189428,Total,Total,,Sousse,Sousse,4001,228,TN,AF,228,Tunisia,35.84049320890155,10.622152316586835,,,,,,,0
,,,False,2022-02-07T13:10:00Z,175904,79D69F87-3579-4D20-8040-1D45315E48EE,,1,,3447,,1,,"[{'ID': 273182, 'ConnectionTypeID': 1036, 'ConnectionType': {'FormalName': 'IEC 62196-2', 'IsDiscontinued': False, 'IsObsolete': False, 'ID': 1036, 'Title': 'Type 2 (Tethered Connector) '}, 'Reference': None, 'StatusTypeID': 50, 'StatusType': {'IsOperational': True, 'IsUserSelectable': True, 'ID': 50, 'Title': 'Operational'}, 'LevelID': 2, 'Level': {'Comments': 'Over 2 kW, usually non-domestic socket type', 'IsFastChargeCapable': False, 'ID': 2, 'Title': 'Level 2 : Medium (Over 2kW)'}, 'Amps': None, 'Voltage': None, 'PowerKW': 22, 'CurrentTypeID': 20, 'CurrentType': {'Description': 'Alternating Current - Three Phase', 'ID': 20, 'Title': 'AC (Three-Phase)'}, 'Quantity': 2, 'Comments': None}]",1,,,,50,2022-02-07T13:10:00Z,,1,2021-06-18T16:19:00Z,200,http://openchargemap.org,,True,1,Manual Data Entry,False,True,True,Licensed under Creative Commons Attribution 4.0 International (CC BY 4.0),,1,Open Charge Map Contributors,https://apps.total-ev-charge.com/,,,,False,,,,,False,3447,TotalEnergies (FR),,,,1,Public,True,True,50,Operational,True,200,Submission Published,176263,Route Nationale 1,Route Nationale 1,,بوشمة,Gabès,6031,228,TN,AF,228,Tunisia,33.89577579000985,10.075005711477388,,,,,,,0
,,,False,2021-06-06T20:47:00Z,175677,F89D4C40-27EC-49FD-BA5A-3B58D59E7E9E,,1,,3447,,1,,"[{'ID': 272777, 'ConnectionTypeID': 1036, 'ConnectionType': {'FormalName': 'IEC 62196-2', 'IsDiscontinued': False, 'IsObsolete': False, 'ID': 1036, 'Title': 'Type 2 (Tethered Connector) '}, 'Reference': None, 'StatusTypeID': 50, 'StatusType': {'IsOperational': True, 'IsUserSelectable': True, 'ID': 50, 'Title': 'Operational'}, 'LevelID': 2, 'Level': {'Comments': 'Over 2 kW, usually non-domestic socket type', 'IsFastChargeCapable': False, 'ID': 2, 'Title': 'Level 2 : Medium (Over 2kW)'}, 'Amps': 32, 'Voltage': 230, 'PowerKW': 22, 'CurrentTypeID': 20, 'CurrentType': {'Description': 'Alternating Current - Three Phase', 'ID': 20, 'Title': 'AC (Three-Phase)'}, 'Quantity': 1, 'Comments': None}]",1,,,,50,2021-06-06T20:47:00Z,,1,2021-06-06T14:25:00Z,200,http://openchargemap.org,,True,1,Manual Data Entry,False,True,True,Licensed under Creative Commons Attribution 4.0 International (CC BY 4.0),,1,Open Charge Map Contributors,https://apps.total-ev-charge.com/,,,,False,,,,,False,3447,TotalEnergies (FR),,,,1,Public,True,True,50,Operational,True,200,Submission Published,176036,الطريق الوطنية تونس - المرسى,الطريق الوطنية تونس - المرسى,,العوينة,Tunis,2045,228,TN,AF,228,Tunisia,36.84922376026216,10.265912540199224,,,,,,,0
,,,False,2022-09-18T10:07:00Z,175675,AB89BF5F-F5DC-489B-B16C-6191D3B3A0BE,,1,,3447,,1,,"[{'ID': 272775, 'ConnectionTypeID': 1036, 'ConnectionType': {'FormalName': 'IEC 62196-2', 'IsDiscontinued': False, 'IsObsolete': False, 'ID': 1036, 'Title': 'Type 2 (Tethered Connector) '}, 'Reference': None, 'StatusTypeID': 50, 'StatusType': {'IsOperational': True, 'IsUserSelectable': True, 'ID': 50, 'Title': 'Operational'}, 'LevelID': 2, 'Level': {'Comments': 'Over 2 kW, usually non-domestic socket type', 'IsFastChargeCapable': False, 'ID': 2, 'Title': 'Level 2 : Medium (Over 2kW)'}, 'Amps': 32, 'Voltage': 400, 'PowerKW': 22, 'CurrentTypeID': 20, 'CurrentType': {'Description': 'Alternating Current - Three Phase', 'ID': 20, 'Title': 'AC (Three-Phase)'}, 'Quantity': 2, 'Comments': None}, {'ID': 310662, 'ConnectionTypeID': 1036, 'ConnectionType': {'FormalName': 'IEC 62196-2', 'IsDiscontinued': False, 'IsObsolete': False, 'ID': 1036, 'Title': 'Type 2 (Tethered Connector) '}, 'Reference': None, 'StatusTypeID': 50, 'StatusType': {'IsOperational': True, 'IsUserSelectable': True, 'ID': 50, 'Title': 'Operational'}, 'LevelID': 2, 'Level': {'Comments': 'Over 2 kW, usually non-domestic socket type', 'IsFastChargeCapable': False, 'ID': 2, 'Title': 'Level 2 : Medium (Over 2kW)'}, 'Amps': None, 'Voltage': None, 'PowerKW': 11, 'CurrentTypeID': 20, 'CurrentType': {'Description': 'Alternating Current - Three Phase', 'ID': 20, 'Title': 'AC (Three-Phase)'}, 'Quantity': 1, 'Comments': None}]",1,,,,50,2022-09-18T10:07:00Z,,1,2021-06-06T14:23:00Z,200,http://openchargemap.org,,True,1,Manual Data Entry,False,True,True,Licensed under Creative Commons Attribution 4.0 International (CC BY 4.0),,1,Open Charge Map Contributors,https://apps.total-ev-charge.com/,,,,False,,,,,False,3447,TotalEnergies (FR),,,,1,Public,True,True,50,Operational,True,200,Submission Published,176034,Aire de Service TotalEnergies Grombalia,Aire de Service Grombalia,,Essabala,Nabeul,,228,TN,AF,228,Tunisia,36.57973680890255,10.493031491372562,,,,,,,0
,,"[{'ID': 29173, 'ChargePointID': 175673, 'ItemURL': 'https://media.openchargemap.io/images/TN/OCM175673/OCM-175673.orig.2021083120432717.jpg', 'ItemThumbnailURL': 'https://media.openchargemap.io/images/TN/OCM175673/OCM-175673.thmb.2021083120432717.jpg', 'Comment': '', 'IsEnabled': True, 'IsVideo': False, 'IsFeaturedItem': False, 'IsExternalResource': False, 'MetadataValue': None, 'User': {'ID': 34311, 'IdentityProvider': None, 'Identifier': None, 'CurrentSessionToken': None, 'Username': 'Sofien', 'Profile': None, 'Location': None, 'WebsiteURL': None, 'ReputationPoints': 2, 'Permissions': None, 'PermissionsRequested': None, 'DateCreated': None, 'DateLastLogin': None, 'IsProfilePublic': None, 'IsEmergencyChargingProvider': None, 'IsPublicChargingProvider': None, 'Latitude': None, 'Longitude': None, 'EmailAddress': None, 'EmailHash': None, 'ProfileImageURL': 'https://www.gravatar.com/avatar/ee634824285d16cfafeed6825f3ec9ee?s=80&d=robohash', 'IsCurrentSessionTokenValid': None, 'APIKey': None, 'SyncedSettings': None}, 'DateCreated': '2021-08-31T20:44:00Z'}, {'ID': 29174, 'ChargePointID': 175673, 'ItemURL': 'https://media.openchargemap.io/images/TN/OCM175673/OCM-175673.orig.2021083120440398.jpg', 'ItemThumbnailURL': 'https://media.openchargemap.io/images/TN/OCM175673/OCM-175673.thmb.2021083120440398.jpg', 'Comment': '', 'IsEnabled': True, 'IsVideo': False, 'IsFeaturedItem': False, 'IsExternalResource': False, 'MetadataValue': None, 'User': {'ID': 34311, 'IdentityProvider': None, 'Identifier': None, 'CurrentSessionToken': None, 'Username': 'Sofien', 'Profile': None, 'Location': None, 'WebsiteURL': None, 'ReputationPoints': 2, 'Permissions': None, 'PermissionsRequested': None, 'DateCreated': None, 'DateLastLogin': None, 'IsProfilePublic': None, 'IsEmergencyChargingProvider': None, 'IsPublicChargingProvider': None, 'Latitude': None, 'Longitude': None, 'EmailAddress': None, 'EmailHash': None, 'ProfileImageURL': 'https://www.gravatar.com/avatar/ee634824285d16cfafeed6825f3ec9ee?s=80&d=robohash', 'IsCurrentSessionTokenValid': None, 'APIKey': None, 'SyncedSettings': None}, 'DateCreated': '2021-08-31T20:44:00Z'}]",False,2024-07-25T10:16:00Z,175673,6DD2B76E-2807-46CB-A237-F7C9EDED60A0,,1,,3447,,1,0,"[{'ID': 272773, 'ConnectionTypeID': 1036, 'ConnectionType': {'FormalName': 'IEC 62196-2', 'IsDiscontinued': False, 'IsObsolete': False, 'ID': 1036, 'Title': 'Type 2 (Tethered Connector) '}, 'Reference': None, 'StatusTypeID': 50, 'StatusType': {'IsOperational': True, 'IsUserSelectable': True, 'ID': 50, 'Title': 'Operational'}, 'LevelID': 2, 'Level': {'Comments': 'Over 2 kW, usually non-domestic socket type', 'IsFastChargeCapable': False, 'ID': 2, 'Title': 'Level 2 : Medium (Over 2kW)'}, 'Amps': 32, 'Voltage': 230, 'PowerKW': 22, 'CurrentTypeID': 20, 'CurrentType': {'Description': 'Alternating Current - Three Phase', 'ID': 20, 'Title': 'AC (Three-Phase)'}, 'Quantity': 2, 'Comments': None}, {'ID': 564392, 'ConnectionTypeID': 33, 'ConnectionType': {'FormalName': 'IEC 62196-3 Configuration FF', 'IsDiscontinued': False, 'IsObsolete': False, 'ID': 33, 'Title': 'CCS (Type 2)'}, 'Reference': 'total energie tunisie', 'StatusTypeID': 50, 'StatusType': {'IsOperational': True, 'IsUserSelectable': True, 'ID': 50, 'Title': 'Operational'}, 'LevelID': 3, 'Level': {'Comments': '40KW and Higher', 'IsFastChargeCapable': True, 'ID': 3, 'Title': 'Level 3:  High (Over 40kW)'}, 'Amps': 124, 'Voltage': 400, 'PowerKW': 50, 'CurrentTypeID': 30, 'CurrentType': {'Description': 'Direct Current', 'ID': 30, 'Title': 'DC'}, 'Quantity': 1, 'Comments': None}]",2,,,,50,2024-07-25T10:16:00Z,,1,2021-06-06T14:22:00Z,200,http://openchargemap.org,,True,1,Manual Data Entry,False,True,True,Licensed under Creative Commons Attribution 4.0 International (CC BY 4.0),,1,Open Charge Map Contributors,https://apps.total-ev-charge.com/,,,,False,,,,,False,3447,TotalEnergies (FR),,,,1,Public,True,True,50,Operational,True,200,Submission Published,176032,Aire de Service Borjine,Aire de Service Borjine,,El Borjine,Sousse,,228,TN,AF,228,Tunisia,35.568043061409355,10.612785025111123,,,,,,,0
,,,False,2023-06-19T08:52:00Z,175672,96E9E507-897F-4BC0-97E6-2F148AF5626A,,1,,3447,,1,,"[{'ID': 272772, 'ConnectionTypeID': 1036, 'ConnectionType': {'FormalName': 'IEC 62196-2', 'IsDiscontinued': False, 'IsObsolete': False, 'ID': 1036, 'Title': 'Type 2 (Tethered Connector) '}, 'Reference': None, 'StatusTypeID': 50, 'StatusType': {'IsOperational': True, 'IsUserSelectable': True, 'ID': 50, 'Title': 'Operational'}, 'LevelID': 2, 'Level': {'Comments': 'Over 2 kW, usually non-domestic socket type', 'IsFastChargeCapable': False, 'ID': 2, 'Title': 'Level 2 : Medium (Over 2kW)'}, 'Amps': 32, 'Voltage': 400, 'PowerKW': 22, 'CurrentTypeID': 20, 'CurrentType': {'Description': 'Alternating Current - Three Phase', 'ID': 20, 'Title': 'AC (Three-Phase)'}, 'Quantity': 1, 'Comments': None}, {'ID': 454793, 'ConnectionTypeID': 33, 'ConnectionType': {'FormalName': 'IEC 62196-3 Configuration FF', 'IsDiscontinued': False, 'IsObsolete': False, 'ID': 33, 'Title': 'CCS (Type 2)'}, 'Reference': 'Total energies', 'StatusTypeID': 0, 'StatusType': {'IsOperational': None, 'IsUserSelectable': True, 'ID': 0, 'Title': 'Unknown'}, 'LevelID': 3, 'Level': {'Comments': '40KW and Higher', 'IsFastChargeCapable': True, 'ID': 3, 'Title': 'Level 3:  High (Over 40kW)'}, 'Amps': None, 'Voltage': None, 'PowerKW': 50, 'CurrentTypeID': 30, 'CurrentType': {'Description': 'Direct Current', 'ID': 30, 'Title': 'DC'}, 'Quantity': 1, 'Comments': None}]",2,,,,50,2023-06-19T08:52:00Z,,1,2021-06-06T14:20:00Z,200,http://openchargemap.org,,True,1,Manual Data Entry,False,True,True,Licensed under Creative Commons Attribution 4.0 International (CC BY 4.0),,1,Open Charge Map Contributors,https://apps.total-ev-charge.com/,,,,False,,,,,False,3447,TotalEnergies (FR),,,,1,Public,True,True,50,Operational,True,200,Submission Published,176031,Aire de Service El Jem,Aire de Service El Jem,,El Jem,Mahdia,,228,TN,AF,228,Tunisia,35.25743210043021,10.652192124270755,,,,,,,0
,,,False,2021-06-21T03:09:00Z,175670,672A784C-11EE-45FA-B5A6-2A8E6616B4F7,,1,,3447,,1,,"[{'ID': 272770, 'ConnectionTypeID': 1036, 'ConnectionType': {'FormalName': 'IEC 62196-2', 'IsDiscontinued': False, 'IsObsolete': False, 'ID': 1036, 'Title': 'Type 2 (Tethered Connector) '}, 'Reference': None, 'StatusTypeID': 50, 'StatusType': {'IsOperational': True, 'IsUserSelectable': True, 'ID': 50, 'Title': 'Operational'}, 'LevelID': 2, 'Level': {'Comments': 'Over 2 kW, usually non-domestic socket type', 'IsFastChargeCapable': False, 'ID': 2, 'Title': 'Level 2 : Medium (Over 2kW)'}, 'Amps': 32, 'Voltage': 400, 'PowerKW': 22, 'CurrentTypeID': 20, 'CurrentType': {'Description': 'Alternating Current - Three Phase', 'ID': 20, 'Title': 'AC (Three-Phase)'}, 'Quantity': 2, 'Comments': None}]",1,,,,50,2021-06-21T03:09:00Z,,1,2021-06-06T14:19:00Z,200,http://openchargemap.org,,True,1,Manual Data Entry,False,True,True,Licensed under Creative Commons Attribution 4.0 International (CC BY 4.0),,1,Open Charge Map Contributors,https://apps.total-ev-charge.com/,,,,False,,,,,False,3447,TotalEnergies (FR),,,,1,Public,True,True,50,Operational,True,200,Submission Published,176029,Route Nationale 1,Route Nationale 1,,Sfax,Sfax,3021,228,TN,AF,228,Tunisia,34.83899603761557,10.764692355925376,,,,,,,0
,,"[{'ID': 20936, 'ChargePointID': 146628, 'ItemURL': 'https://media.openchargemap.io/images/TN/OCM146628/OCM-146628.orig.2020011216474554.jpg', 'ItemThumbnailURL': 'https://media.openchargemap.io/images/TN/OCM146628/OCM-146628.thmb.2020011216474554.jpg', 'Comment': 'Tesla Wall Connector 22 kW', 'IsEnabled': True, 'IsVideo': False, 'IsFeaturedItem': False, 'IsExternalResource': False, 'MetadataValue': None, 'User': {'ID': 19956, 'IdentityProvider': None, 'Identifier': None, 'CurrentSessionToken': None, 'Username': 'khalilamar', 'Profile': None, 'Location': None, 'WebsiteURL': None, 'ReputationPoints': 176, 'Permissions': None, 'PermissionsRequested': None, 'DateCreated': None, 'DateLastLogin': None, 'IsProfilePublic': None, 'IsEmergencyChargingProvider': None, 'IsPublicChargingProvider': None, 'Latitude': None, 'Longitude': None, 'EmailAddress': None, 'EmailHash': None, 'ProfileImageURL': 'https://www.gravatar.com/avatar/d37c05af8193936889b3fcf53a83e959?s=80&d=robohash', 'IsCurrentSessionTokenValid': None, 'APIKey': None, 'SyncedSettings': None}, 'DateCreated': '2020-01-12T16:48:00Z'}, {'ID': 20933, 'ChargePointID': 146628, 'ItemURL': 'https://media.openchargemap.io/images/TN/OCM146628/OCM-146628.orig.2020011216463097.jpg', 'ItemThumbnailURL': 'https://media.openchargemap.io/images/TN/OCM146628/OCM-146628.thmb.2020011216463097.jpg', 'Comment': 'Tesla Wall Connector 22 kW', 'IsEnabled': True, 'IsVideo': False, 'IsFeaturedItem': False, 'IsExternalResource': False, 'MetadataValue': None, 'User': {'ID': 19956, 'IdentityProvider': None, 'Identifier': None, 'CurrentSessionToken': None, 'Username': 'khalilamar', 'Profile': None, 'Location': None, 'WebsiteURL': None, 'ReputationPoints': 176, 'Permissions': None, 'PermissionsRequested': None, 'DateCreated': None, 'DateLastLogin': None, 'IsProfilePublic': None, 'IsEmergencyChargingProvider': None, 'IsPublicChargingProvider': None, 'Latitude': None, 'Longitude': None, 'EmailAddress': None, 'EmailHash': None, 'ProfileImageURL': 'https://www.gravatar.com/avatar/d37c05af8193936889b3fcf53a83e959?s=80&d=robohash', 'IsCurrentSessionTokenValid': None, 'APIKey': None, 'SyncedSettings': None}, 'DateCreated': '2020-01-12T16:47:00Z'}, {'ID': 20934, 'ChargePointID': 146628, 'ItemURL': 'https://media.openchargemap.io/images/TN/OCM146628/OCM-146628.orig.2020011216465806.jpg', 'ItemThumbnailURL': 'https://media.openchargemap.io/images/TN/OCM146628/OCM-146628.thmb.2020011216465806.jpg', 'Comment': 'Tesla Wall Connector 22 kW', 'IsEnabled': True, 'IsVideo': False, 'IsFeaturedItem': False, 'IsExternalResource': False, 'MetadataValue': None, 'User': {'ID': 19956, 'IdentityProvider': None, 'Identifier': None, 'CurrentSessionToken': None, 'Username': 'khalilamar', 'Profile': None, 'Location': None, 'WebsiteURL': None, 'ReputationPoints': 176, 'Permissions': None, 'PermissionsRequested': None, 'DateCreated': None, 'DateLastLogin': None, 'IsProfilePublic': None, 'IsEmergencyChargingProvider': None, 'IsPublicChargingProvider': None, 'Latitude': None, 'Longitude': None, 'EmailAddress': None, 'EmailHash': None, 'ProfileImageURL': 'https://www.gravatar.com/avatar/d37c05af8193936889b3fcf53a83e959?s=80&d=robohash', 'IsCurrentSessionTokenValid': None, 'APIKey': None, 'SyncedSettings': None}, 'DateCreated': '2020-01-12T16:47:00Z'}, {'ID': 20935, 'ChargePointID': 146628, 'ItemURL': 'https://media.openchargemap.io/images/TN/OCM146628/OCM-146628.orig.2020011216471936.jpg', 'ItemThumbnailURL': 'https://media.openchargemap.io/images/TN/OCM146628/OCM-146628.thmb.2020011216471936.jpg', 'Comment': 'Tesla Wall Connector 22 kW', 'IsEnabled': True, 'IsVideo': False, 'IsFeaturedItem': False, 'IsExternalResource': False, 'MetadataValue': None, 'User': {'ID': 19956, 'IdentityProvider': None, 'Identifier': None, 'CurrentSessionToken': None, 'Username': 'khalilamar', 'Profile': None, 'Location': None, 'WebsiteURL': None, 'ReputationPoints': 176, 'Permissions': None, 'PermissionsRequested': None, 'DateCreated': None, 'DateLastLogin': None, 'IsProfilePublic': None, 'IsEmergencyChargingProvider': None, 'IsPublicChargingProvider': None, 'Latitude': None, 'Longitude': None, 'EmailAddress': None, 'EmailHash': None, 'ProfileImageURL': 'https://www.gravatar.com/avatar/d37c05af8193936889b3fcf53a83e959?s=80&d=robohash', 'IsCurrentSessionTokenValid': None, 'APIKey': None, 'SyncedSettings': None}, 'DateCreated': '2020-01-12T16:47:00Z'}]",False,2022-02-07T13:12:00Z,146628,31DB037C-23D2-4289-A058-C6DEBB3265D8,,1,,45,,6,,"[{'ID': 203879, 'ConnectionTypeID': 1036, 'ConnectionType': {'FormalName': 'IEC 62196-2', 'IsDiscontinued': False, 'IsObsolete': False, 'ID': 1036, 'Title': 'Type 2 (Tethered Connector) '}, 'Reference': None, 'StatusTypeID': 50, 'StatusType': {'IsOperational': True, 'IsUserSelectable': True, 'ID': 50, 'Title': 'Operational'}, 'LevelID': 2, 'Level': {'Comments': 'Over 2 kW, usually non-domestic socket type', 'IsFastChargeCapable': False, 'ID': 2, 'Title': 'Level 2 : Medium (Over 2kW)'}, 'Amps': 32, 'Voltage': 400, 'PowerKW': 22, 'CurrentTypeID': 20, 'CurrentType': {'Description': 'Alternating Current - Three Phase', 'ID': 20, 'Title': 'AC (Three-Phase)'}, 'Quantity': 1, 'Comments': None}]",1,,,,50,2022-02-07T13:12:00Z,,1,2020-01-12T16:45:00Z,200,http://openchargemap.org,,True,1,Manual Data Entry,False,True,True,Licensed under Creative Commons Attribution 4.0 International (CC BY 4.0),,1,Open Charge Map Contributors,,For use when the operator of the equipment is a single business owner connected to the location and equipment is not part of a larger network,,,False,,,,,,45,(Business Owner at Location),False,False,False,6,"Private - For Staff, Visitors or Customers",True,True,50,Operational,True,200,Submission Published,146980,Mövenpick Hotel Sfax,Rue Khaled Ibn Al Walid,Sfax El Jadida,Sfax,Bab El Bhar,3079,228,TN,AF,228,Tunisia,34.730106652106244,10.75765409526366,,,,,,,0
,,"[{'ID': 20932, 'ChargePointID': 146627, 'ItemURL': 'https://media.openchargemap.io/images/TN/OCM146627/OCM-146627.orig.2020011216343355.jpg', 'ItemThumbnailURL': 'https://media.openchargemap.io/images/TN/OCM146627/OCM-146627.thmb.2020011216343355.jpg', 'Comment': 'Tesla Wall Connector 22 kW', 'IsEnabled': True, 'IsVideo': False, 'IsFeaturedItem': False, 'IsExternalResource': False, 'MetadataValue': None, 'User': {'ID': 19956, 'IdentityProvider': None, 'Identifier': None, 'CurrentSessionToken': None, 'Username': 'khalilamar', 'Profile': None, 'Location': None, 'WebsiteURL': None, 'ReputationPoints': 176, 'Permissions': None, 'PermissionsRequested': None, 'DateCreated': None, 'DateLastLogin': None, 'IsProfilePublic': None, 'IsEmergencyChargingProvider': None, 'IsPublicChargingProvider': None, 'Latitude': None, 'Longitude': None, 'EmailAddress': None, 'EmailHash': None, 'ProfileImageURL': 'https://www.gravatar.com/avatar/d37c05af8193936889b3fcf53a83e959?s=80&d=robohash', 'IsCurrentSessionTokenValid': None, 'APIKey': None, 'SyncedSettings': None}, 'DateCreated': '2020-01-12T16:35:00Z'}, {'ID': 20930, 'ChargePointID': 146627, 'ItemURL': 'https://media.openchargemap.io/images/TN/OCM146627/OCM-146627.orig.2020011216333723.jpg', 'ItemThumbnailURL': 'https://media.openchargemap.io/images/TN/OCM146627/OCM-146627.thmb.2020011216333723.jpg', 'Comment': 'Tesla Wall Connector 22 kW', 'IsEnabled': True, 'IsVideo': False, 'IsFeaturedItem': False, 'IsExternalResource': False, 'MetadataValue': None, 'User': {'ID': 19956, 'IdentityProvider': None, 'Identifier': None, 'CurrentSessionToken': None, 'Username': 'khalilamar', 'Profile': None, 'Location': None, 'WebsiteURL': None, 'ReputationPoints': 176, 'Permissions': None, 'PermissionsRequested': None, 'DateCreated': None, 'DateLastLogin': None, 'IsProfilePublic': None, 'IsEmergencyChargingProvider': None, 'IsPublicChargingProvider': None, 'Latitude': None, 'Longitude': None, 'EmailAddress': None, 'EmailHash': None, 'ProfileImageURL': 'https://www.gravatar.com/avatar/d37c05af8193936889b3fcf53a83e959?s=80&d=robohash', 'IsCurrentSessionTokenValid': None, 'APIKey': None, 'SyncedSettings': None}, 'DateCreated': '2020-01-12T16:34:00Z'}, {'ID': 20931, 'ChargePointID': 146627, 'ItemURL': 'https://media.openchargemap.io/images/TN/OCM146627/OCM-146627.orig.2020011216340020.jpg', 'ItemThumbnailURL': 'https://media.openchargemap.io/images/TN/OCM146627/OCM-146627.thmb.2020011216340020.jpg', 'Comment': 'Tesla Wall Connector 22 kW', 'IsEnabled': True, 'IsVideo': False, 'IsFeaturedItem': False, 'IsExternalResource': False, 'MetadataValue': None, 'User': {'ID': 19956, 'IdentityProvider': None, 'Identifier': None, 'CurrentSessionToken': None, 'Username': 'khalilamar', 'Profile': None, 'Location': None, 'WebsiteURL': None, 'ReputationPoints': 176, 'Permissions': None, 'PermissionsRequested': None, 'DateCreated': None, 'DateLastLogin': None, 'IsProfilePublic': None, 'IsEmergencyChargingProvider': None, 'IsPublicChargingProvider': None, 'Latitude': None, 'Longitude': None, 'EmailAddress': None, 'EmailHash': None, 'ProfileImageURL': 'https://www.gravatar.com/avatar/d37c05af8193936889b3fcf53a83e959?s=80&d=robohash', 'IsCurrentSessionTokenValid': None, 'APIKey': None, 'SyncedSettings': None}, 'DateCreated': '2020-01-12T16:34:00Z'}, {'ID': 20927, 'ChargePointID': 146627, 'ItemURL': 'https://media.openchargemap.io/images/TN/OCM146627/OCM-146627.orig.2020011216323284.jpg', 'ItemThumbnailURL': 'https://media.openchargemap.io/images/TN/OCM146627/OCM-146627.thmb.2020011216323284.jpg', 'Comment': 'Tesla Wall Connector 22 kW', 'IsEnabled': True, 'IsVideo': False, 'IsFeaturedItem': False, 'IsExternalResource': False, 'MetadataValue': None, 'User': {'ID': 19956, 'IdentityProvider': None, 'Identifier': None, 'CurrentSessionToken': None, 'Username': 'khalilamar', 'Profile': None, 'Location': None, 'WebsiteURL': None, 'ReputationPoints': 176, 'Permissions': None, 'PermissionsRequested': None, 'DateCreated': None, 'DateLastLogin': None, 'IsProfilePublic': None, 'IsEmergencyChargingProvider': None, 'IsPublicChargingProvider': None, 'Latitude': None, 'Longitude': None, 'EmailAddress': None, 'EmailHash': None, 'ProfileImageURL': 'https://www.gravatar.com/avatar/d37c05af8193936889b3fcf53a83e959?s=80&d=robohash', 'IsCurrentSessionTokenValid': None, 'APIKey': None, 'SyncedSettings': None}, 'DateCreated': '2020-01-12T16:33:00Z'}, {'ID': 20928, 'ChargePointID': 146627, 'ItemURL': 'https://media.openchargemap.io/images/TN/OCM146627/OCM-146627.orig.2020011216325311.jpg', 'ItemThumbnailURL': 'https://media.openchargemap.io/images/TN/OCM146627/OCM-146627.thmb.2020011216325311.jpg', 'Comment': 'Tesla Wall Connector 22 kW', 'IsEnabled': True, 'IsVideo': False, 'IsFeaturedItem': False, 'IsExternalResource': False, 'MetadataValue': None, 'User': {'ID': 19956, 'IdentityProvider': None, 'Identifier': None, 'CurrentSessionToken': None, 'Username': 'khalilamar', 'Profile': None, 'Location': None, 'WebsiteURL': None, 'ReputationPoints': 176, 'Permissions': None, 'PermissionsRequested': None, 'DateCreated': None, 'DateLastLogin': None, 'IsProfilePublic': None, 'IsEmergencyChargingProvider': None, 'IsPublicChargingProvider': None, 'Latitude': None, 'Longitude': None, 'EmailAddress': None, 'EmailHash': None, 'ProfileImageURL': 'https://www.gravatar.com/avatar/d37c05af8193936889b3fcf53a83e959?s=80&d=robohash', 'IsCurrentSessionTokenValid': None, 'APIKey': None, 'SyncedSettings': None}, 'DateCreated': '2020-01-12T16:33:00Z'}, {'ID': 20929, 'ChargePointID': 146627, 'ItemURL': 'https://media.openchargemap.io/images/TN/OCM146627/OCM-146627.orig.2020011216331969.jpg', 'ItemThumbnailURL': 'https://media.openchargemap.io/images/TN/OCM146627/OCM-146627.thmb.2020011216331969.jpg', 'Comment': 'Tesla Wall Connector 22 kW', 'IsEnabled': True, 'IsVideo': False, 'IsFeaturedItem': False, 'IsExternalResource': False, 'MetadataValue': None, 'User': {'ID': 19956, 'IdentityProvider': None, 'Identifier': None, 'CurrentSessionToken': None, 'Username': 'khalilamar', 'Profile': None, 'Location': None, 'WebsiteURL': None, 'ReputationPoints': 176, 'Permissions': None, 'PermissionsRequested': None, 'DateCreated': None, 'DateLastLogin': None, 'IsProfilePublic': None, 'IsEmergencyChargingProvider': None, 'IsPublicChargingProvider': None, 'Latitude': None, 'Longitude': None, 'EmailAddress': None, 'EmailHash': None, 'ProfileImageURL': 'https://www.gravatar.com/avatar/d37c05af8193936889b3fcf53a83e959?s=80&d=robohash', 'IsCurrentSessionTokenValid': None, 'APIKey': None, 'SyncedSettings': None}, 'DateCreated': '2020-01-12T16:33:00Z'}]",False,2020-01-12T17:33:00Z,146627,0FE989DD-A538-4181-A02B-BB317F7BBF58,,1,,45,,6,,"[{'ID': 203878, 'ConnectionTypeID': 1036, 'ConnectionType': {'FormalName': 'IEC 62196-2', 'IsDiscontinued': False, 'IsObsolete': False, 'ID': 1036, 'Title': 'Type 2 (Tethered Connector) '}, 'Reference': None, 'StatusTypeID': 50, 'StatusType': {'IsOperational': True, 'IsUserSelectable': True, 'ID': 50, 'Title': 'Operational'}, 'LevelID': 2, 'Level': {'Comments': 'Over 2 kW, usually non-domestic socket type', 'IsFastChargeCapable': False, 'ID': 2, 'Title': 'Level 2 : Medium (Over 2kW)'}, 'Amps': 32, 'Voltage': 400, 'PowerKW': 22, 'CurrentTypeID': 20, 'CurrentType': {'Description': 'Alternating Current - Three Phase', 'ID': 20, 'Title': 'AC (Three-Phase)'}, 'Quantity': 1, 'Comments': None}]",1,,,,50,2020-01-12T17:33:00Z,,1,2020-01-12T16:31:00Z,200,http://openchargemap.org,,True,1,Manual Data Entry,False,True,True,Licensed under Creative Commons Attribution 4.0 International (CC BY 4.0),,1,Open Charge Map Contributors,,For use when the operator of the equipment is a single business owner connected to the location and equipment is not part of a larger network,,,False,,,,,,45,(Business Owner at Location),False,False,False,6,"Private - For Staff, Visitors or Customers",True,True,50,Operational,True,200,Submission Published,146979,Mövenpick Resort & Marine Spa Sousse,Boulevard du 14 Janvier 2011,Cité Riadh,Sousse,Boujaafar,4001,228,TN,AF,228,Tunisia,35.84295963608389,10.627171499128508,,,,,,,0
,,"[{'ID': 20925, 'ChargePointID': 146626, 'ItemURL': 'https://media.openchargemap.io/images/TN/OCM146626/OCM-146626.orig.2020011216154933.jpg', 'ItemThumbnailURL': 'https://media.openchargemap.io/images/TN/OCM146626/OCM-146626.thmb.2020011216154933.jpg', 'Comment': 'Tesla Wall Connector 22 kW', 'IsEnabled': True, 'IsVideo': False, 'IsFeaturedItem': False, 'IsExternalResource': False, 'MetadataValue': None, 'User': {'ID': 19956, 'IdentityProvider': None, 'Identifier': None, 'CurrentSessionToken': None, 'Username': 'khalilamar', 'Profile': None, 'Location': None, 'WebsiteURL': None, 'ReputationPoints': 176, 'Permissions': None, 'PermissionsRequested': None, 'DateCreated': None, 'DateLastLogin': None, 'IsProfilePublic': None, 'IsEmergencyChargingProvider': None, 'IsPublicChargingProvider': None, 'Latitude': None, 'Longitude': None, 'EmailAddress': None, 'EmailHash': None, 'ProfileImageURL': 'https://www.gravatar.com/avatar/d37c05af8193936889b3fcf53a83e959?s=80&d=robohash', 'IsCurrentSessionTokenValid': None, 'APIKey': None, 'SyncedSettings': None}, 'DateCreated': '2020-01-12T16:16:00Z'}, {'ID': 20926, 'ChargePointID': 146626, 'ItemURL': 'https://media.openchargemap.io/images/TN/OCM146626/OCM-146626.orig.2020011216160390.jpg', 'ItemThumbnailURL': 'https://media.openchargemap.io/images/TN/OCM146626/OCM-146626.thmb.2020011216160390.jpg', 'Comment': 'Tesla Wall Connector 22 kW', 'IsEnabled': True, 'IsVideo': False, 'IsFeaturedItem': False, 'IsExternalResource': False, 'MetadataValue': None, 'User': {'ID': 19956, 'IdentityProvider': None, 'Identifier': None, 'CurrentSessionToken': None, 'Username': 'khalilamar', 'Profile': None, 'Location': None, 'WebsiteURL': None, 'ReputationPoints': 176, 'Permissions': None, 'PermissionsRequested': None, 'DateCreated': None, 'DateLastLogin': None, 'IsProfilePublic': None, 'IsEmergencyChargingProvider': None, 'IsPublicChargingProvider': None, 'Latitude': None, 'Longitude': None, 'EmailAddress': None, 'EmailHash': None, 'ProfileImageURL': 'https://www.gravatar.com/avatar/d37c05af8193936889b3fcf53a83e959?s=80&d=robohash', 'IsCurrentSessionTokenValid': None, 'APIKey': None, 'SyncedSettings': None}, 'DateCreated': '2020-01-12T16:16:00Z'}, {'ID': 20924, 'ChargePointID': 146626, 'ItemURL': 'https://media.openchargemap.io/images/TN/OCM146626/OCM-146626.orig.2020011216152070.jpg', 'ItemThumbnailURL': 'https://media.openchargemap.io/images/TN/OCM146626/OCM-146626.thmb.2020011216152070.jpg', 'Comment': 'Porsche Wall Connector 11 kW', 'IsEnabled': True, 'IsVideo': False, 'IsFeaturedItem': False, 'IsExternalResource': False, 'MetadataValue': None, 'User': {'ID': 19956, 'IdentityProvider': None, 'Identifier': None, 'CurrentSessionToken': None, 'Username': 'khalilamar', 'Profile': None, 'Location': None, 'WebsiteURL': None, 'ReputationPoints': 176, 'Permissions': None, 'PermissionsRequested': None, 'DateCreated': None, 'DateLastLogin': None, 'IsProfilePublic': None, 'IsEmergencyChargingProvider': None, 'IsPublicChargingProvider': None, 'Latitude': None, 'Longitude': None, 'EmailAddress': None, 'EmailHash': None, 'ProfileImageURL': 'https://www.gravatar.com/avatar/d37c05af8193936889b3fcf53a83e959?s=80&d=robohash', 'IsCurrentSessionTokenValid': None, 'APIKey': None, 'SyncedSettings': None}, 'DateCreated': '2020-01-12T16:15:00Z'}]",False,2020-01-13T13:49:00Z,146626,78AC5DFC-DA18-4536-9FDF-A08129868295,,1,,45,,6,,"[{'ID': 203876, 'ConnectionTypeID': 1036, 'ConnectionType': {'FormalName': 'IEC 62196-2', 'IsDiscontinued': False, 'IsObsolete': False, 'ID': 1036, 'Title': 'Type 2 (Tethered Connector) '}, 'Reference': None, 'StatusTypeID': 50, 'StatusType': {'IsOperational': True, 'IsUserSelectable': True, 'ID': 50, 'Title': 'Operational'}, 'LevelID': 2, 'Level': {'Comments': 'Over 2 kW, usually non-domestic socket type', 'IsFastChargeCapable': False, 'ID': 2, 'Title': 'Level 2 : Medium (Over 2kW)'}, 'Amps': 32, 'Voltage': 230, 'PowerKW': 11, 'CurrentTypeID': 10, 'CurrentType': {'Description': 'Alternating Current - Single Phase', 'ID': 10, 'Title': 'AC (Single-Phase)'}, 'Quantity': 1, 'Comments': None}, {'ID': 203877, 'ConnectionTypeID': 1036, 'ConnectionType': {'FormalName': 'IEC 62196-2', 'IsDiscontinued': False, 'IsObsolete': False, 'ID': 1036, 'Title': 'Type 2 (Tethered Connector) '}, 'Reference': None, 'StatusTypeID': 50, 'StatusType': {'IsOperational': True, 'IsUserSelectable': True, 'ID': 50, 'Title': 'Operational'}, 'LevelID': 2, 'Level': {'Comments': 'Over 2 kW, usually non-domestic socket type', 'IsFastChargeCapable': False, 'ID': 2, 'Title': 'Level 2 : Medium (Over 2kW)'}, 'Amps': 32, 'Voltage': 400, 'PowerKW': 22, 'CurrentTypeID': 20, 'CurrentType': {'Description': 'Alternating Current - Three Phase', 'ID': 20, 'Title': 'AC (Three-Phase)'}, 'Quantity': 2, 'Comments': None}]",3,,,,50,2020-01-13T13:49:00Z,,1,2020-01-12T16:14:00Z,200,http://openchargemap.org,,True,1,Manual Data Entry,False,True,True,Licensed under Creative Commons Attribution 4.0 International (CC BY 4.0),,1,Open Charge Map Contributors,,For use when the operator of the equipment is a single business owner connected to the location and equipment is not part of a larger network,,,False,,,,,,45,(Business Owner at Location),False,False,False,6,"Private - For Staff, Visitors or Customers",True,True,50,Operational,True,200,Submission Published,146978,Mövenpick Hotel Du Lac Tunis,Rue du Lac Huron,Les Berges du Lac,Tunis,El Bouhaira,1053,228,TN,AF,228,Tunisia,36.835465815665515,10.248846620979407,,,,,,,0
